<?xml version="1.0" encoding="UTF-8"?>
<!DOCTYPE mapper PUBLIC "-//mybatis.org//DTD Mapper 3.0//EN" "http://mybatis.org/dtd/mybatis-3-mapper.dtd">
<mapper namespace="com.chenw.mybatisplus.study.dao.UserMapper">
  <resultMap id="BaseResultMap" type="com.chenw.mybatisplus.study.entity.User">
    <!--@mbg.generated-->
    <!--@Table user-->
    <id column="id" jdbcType="BIGINT" property="id" />
    <result column="name" jdbcType="VARCHAR" property="name" />
    <result column="age" jdbcType="INTEGER" property="age" />
    <result column="email" jdbcType="VARCHAR" property="email" />
    <result column="manager_id" jdbcType="BIGINT" property="managerId" />
    <result column="create_time" jdbcType="TIMESTAMP" property="createTime" />
  </resultMap>
  <sql id="Base_Column_List">
    <!--@mbg.generated-->
    id, `name`, age, email, manager_id, create_time
  </sql>
</mapper>